RPSCat,st,t,Value
RPS_All,MD,2026,827794.872061
RPS_All,NY,2026,7153787.380239
RPS_All,NY,2029,9538788.174217
RPS_All,VT,2026,644507.206538
RPS_All,VT,2029,682481.002449
RPS_All,NH,2029,330121.90834
RPS_All,MA,2029,1647997.454643
RPS_All,CT,2026,444443.971607
RPS_All,CT,2029,470352.978142
RPS_All,RI,2029,364798.075645
CES,WA,2026,11954972.349299
