RPSCat,st,t,Value
RPS_All,MD,2026,826709.555029
RPS_All,NY,2026,7154609.484069
RPS_All,NY,2029,9498722.252269
RPS_All,VT,2026,644536.254326
RPS_All,VT,2029,682434.889154
RPS_All,NH,2029,329912.733355
RPS_All,MA,2029,1660802.22977
RPS_All,CT,2026,446811.671177
RPS_All,CT,2029,469595.632948
RPS_All,RI,2029,372776.546845
CES,WA,2026,11949066.279753
