RPSCat,st,t,Value
RPS_All,MD,2026,828507.763267
RPS_All,NY,2026,7185486.953573
RPS_All,NY,2029,9795948.895959
RPS_All,VT,2026,650792.134062
RPS_All,VT,2029,705978.036254
RPS_All,NH,2029,345656.361713
RPS_All,MA,2029,1717415.221886
RPS_All,CT,2026,457564.32668
RPS_All,CT,2029,499386.943452
RPS_All,RI,2029,376833.323698
CES,WA,2026,12045884.063456
CES,OR,2026,2515779.728464
